TEHC_ST,201701,201702,201703,201704,201705,201706,201707,201708,201709,201710,201711,201712,201801,201802,201803,201804,201805,201806,201807,201808,201809,201810,201811,201812,201901,201902,201903,201904,201905,201906,201907,201908,201909,201910,201911,201912,202001,202002,202003,202004,202005,202006,202007,202008,202009,202010,202011,202012,202101,202102,202103,202104,202105,202106,202107,202108,202109,202110,202111,202112,202201,202202,202203,202204,202205,202206,202207,202208,202209,202210,202211,202212
AL,454452.8723,460924.7904,467939.0727,473700.8605,477944.7444,481633.5715,483487.4647,485114.1907,486817.7537,490363.2351,494262.2138,498792.4868,503884.6488,509499.9275,514637.8002,518879.6197,522781.5737,525969.3165,528900.8847,532039.3669,535623.9606,539445.7652,542210.1456,543854.8697,543657.7823,542422.0054,541059.2508,540384.9679,540038.5513,539871.0406,540469.6069,542365.5379,545188.9465,548483.3731,552051.3887,555717.3663,558632.2082,560942.3283,563127.7169,565204.2483,565537.35,564433.5945,564421.5676,567994.6799,575734.5053,585667.4596,597089.7752,608395.5885,617729.7241,625662.5042,632794.2267,641964.1107,652847.6022,664430.6293,675355.166,683359.1086,689280.5219,694448.5261,700863.1411,708502.0124,718649.1993,731348.729,746575.2297,760585.055,771317.3396,777157.7403,777558.2812,772891.7185,765384.4585,758729.882,753563.937,748365.861
AK,181226.674,182196.3673,183215.9077,184365.5441,185407.8824,186360.21,187109.9405,187907.7083,188718.4972,189677.0302,190711.3273,191845.6215,192956.6433,193962.3648,195120.1014,196189.7973,197306.1341,198166.8074,199169.7738,200084.7134,200986.3783,201686.0207,202477.3851,203357.6817,204243.0738,205038.4862,205743.1421,206333.7562,206855.4933,207352.4071,207884.3503,208529.3092,209224.7269,210127.5387,211181.0013,212326.1877,213522.4042,214702.0082,215876.0532,216715.0107,217036.9366,217231.4016,217915.3403,219341.2217,221468.7023,223849.102,226573.2407,229231.2256,232072.2211,235127.5977,238588.0969,242398.538,246754.2034,251416.6312,255882.5102,259476.3645,262268.3308,264997.8497,268344.7953,272121.7523,276956.7039,282258.7274,288214.3943,294042.9355,299451.4342,304191.8447,307052.6246,307924.1334,307210.3821,306242.3193,305251.8901,303711.2608
AZ,204362.9826,205593.586,207018.0551,208539.8766,209889.6618,211305.777,212664.5782,214178.2142,215621.9151,217152.0374,218706.8037,220337.9598,221885.8096,223342.7507,224868.8731,226328.2306,227783.2226,228988.1823,230501.6376,231974.4063,233467.6046,234709.1417,236029.4342,237450.7034,238695.7499,239771.5318,240456.2322,240956.0491,241230.283,241655.185,242212.909,242969.3886,243727.5637,244737.6044,246118.388,247814.4846,249859.1959,251780.6754,253472.0789,254515.3071,254855.746,255053.9225,255692.3775,257325.6251,259928.8073,262996.3331,266590.045,270160.3188,273879.0158,277606.7883,281578.9941,285982.2447,291268.568,297717.9253,304465.7456,310650.414,315845.9742,320866.3903,326337.8251,332156.6329,339298.8411,347491.4602,356991.398,366601.7695,375525.6802,383276.5417,388570.8727,391223.6975,391513.871,391037.2093,390381.3507,388956.6877
AR,260787.828,262505.3236,264119.5435,266268.8988,268029.6262,269561.8829,270700.0059,272050.8115,273445.9145,275947.5408,278786.907,282225.9925,284965.6473,286958.3962,288953.1088,291034.8387,293837.5656,296353.346,299063.2321,301679.3923,304403.6196,306222.3036,307418.7305,308035.3723,309425.9444,311560.0233,314015.6184,316096.87,317456.4165,319266.6979,321273.0667,323640.2413,325204.1499,326443.729,328192.4445,330237.7688,332749.7078,334666.1443,336350.7468,337803.6971,339106.9016,339906.7395,340282.0017,340887.3015,343110.5357,346475.1329,350773.3604,355463.2171,360011.0115,364858.3225,369492.7622,373828.5589,378213.9821,382383.0424,386628.1312,389959.4169,392462.8664,394965.5899,397748.986,400640.4287,403882.2451,407787.1711,413021.3683,418505.9199,423605.2435,428449.2486,431791.5042,432961.0061,431774.6974,430287.6974,429064.2775,427120.8453
CA,161429.9717,161975.641,162424.0053,162963.0256,163539.3957,164129.6682,164738.3699,165392.4013,166106.1056,166944.8802,167911.8861,168874.2881,169754.4804,170543.5606,171621.217,172648.0383,173487.7753,173957.9501,174432.5482,174958.7644,175463.5291,175797.3375,176158.4568,176606.5005,177331.0049,178364.049,179422.9322,180277.0345,180850.4946,181488.7301,182222.4561,183008.7476,183735.0223,184623.5825,185725.6561,186922.1248,188126.035,189422.3264,190821.4816,192325.1932,193279.925,193798.3772,194323.387,195555.3402,197849.0639,200639.3831,203938.3708,207062.2401,209958.6528,212776.7096,215677.7751,218639.107,221619.3726,224753.6297,227084.558,228096.9407,227537.3907,227104.9611,227361.447,228469.3073,231000.7939,234642.5901,239152.8153,243231.9668,246396.4194,248874.1339,249888.2213,249812.4003,248993.024,248844.3405,249186.1495,249490.1155
CO,165548.0633,166581.5042,167691.7498,168609.1675,169300.403,169568.9902,169820.7114,170114.7408,170785.7109,171672.5044,172755.067,173843.7392,175002.3368,176025.9895,177262.2189,178215.8277,178983.925,179038.1611,179159.0722,179131.9922,179307.1346,179333.0845,179555.271,180031.7906,180951.7859,182234.3011,183395.0586,184250.7284,184631.0361,184845.1757,184784.0345,184753.3407,184578.9158,184713.6128,185094.7004,185833.3929,186959.1092,188330.9944,189742.5013,190799.6454,191103.9875,190978.8449,190848.6582,191467.5351,193119.2768,195290.8784,197845.1382,200255.8389,202677.5653,205296.5086,207938.1854,210404.6565,212700.4491,215180.3377,217779.8256,219823.0038,221022.2058,221961.4783,223269.8111,225209.7567,227978.0444,231478.2834,235559.075,239432.5373,242066.5217,243833.506,244190.0848,243747.4342,242546.602,241767.5402,241387.9022,240981.94
CT,128505.6971,129042.8626,129582.4047,130193.6273,130814.432,131440.3229,132084.3724,132764.6553,133381.5365,134032.9279,134778.8355,135552.5335,136208.3874,136773.7442,137576.4919,138433.8913,139334.771,139952.7485,140652.4053,141327.0671,142119.4858,142757.9589,143515.2152,144275.0022,145198.9102,146260.2225,147354.3202,148208.6326,148767.5501,149297.8725,149868.7433,150403.7357,150852.9631,151447.842,152297.4359,153228.9428,154331.099,155481.337,156737.6539,157865.948,158627.038,159184.2514,159900.0942,161273.8746,163426.1166,166059.8987,168953.71,171660.5812,174074.4304,176381.0708,178767.5797,181292.9208,183912.3421,186585.2805,188482.765,189166.4185,188796.4223,188601.0996,189056.5782,189967.7333,192166.3694,195387.7245,199328.2368,202983.8715,205962.398,208673.4482,210231.6474,210864.3231,210603.5712,210458.6893,210489.0114,210572.1998
DE,163133.4876,164228.2536,165337.9256,166481.0636,167459.288,168367.6888,169338.6263,170379.8957,171498.6878,172688.7688,174075.8414,175658.1803,177228.5223,178720.5719,180217.4513,181543.7612,182816.1211,183805.8422,185070.5289,186369.2556,187898.1581,189197.4994,190578.1201,191987.3553,193463.7969,194811.3281,195994.8128,196994.8035,197835.0332,198586.4349,199363.5382,200264.454,201105.7784,202131.1183,203361.1442,204856.8732,206542.0972,208240.3288,209867.0023,211121.5372,211758.9622,212183.7395,212961.405,214661.4086,217350.1533,220659.3917,224389.6734,228118.163,231896.7231,235864.2692,240042.5992,244377.4811,249025.5779,254037.7428,258662.4515,262396.82,265400.8573,268807.1631,273023.8249,277801.6298,283939.1625,290824.4433,298083.8522,304672.9254,310284.9356,315160.5947,318093.2123,319273.7374,318922.8713,318274.1298,317434.6463,316205.882
DC,172333.7295,173074.3433,173744.7339,174615.2457,175491.1514,176426.5686,177311.6488,178273.136,179226.0873,180254.7255,181431.6683,182675.4378,183895.5884,185030.776,186277.8943,187384.357,188427.9859,189279.0762,190288.7172,191314.8088,192394.625,193314.9623,194336.855,195416.5361,196625.2169,197782.555,198977.8695,200043.1434,200954.9085,201719.8604,202490.7663,203349.0386,204166.8125,205234.0985,206571.4465,208047.9898,209525.477,211033.4914,212723.2793,214263.8788,215272.1625,216001.8633,217054.9261,219004.1382,221917.6437,225373.7257,229113.9247,232851.7353,236495.763,240308.4412,244220.5963,248397.2891,253025.7549,258211.2926,263035.4935,266613.7243,268987.8399,271216.0696,274098.4821,277338.5697,282275.0464,288463.8213,295972.3761,303433.1892,310218.3821,316157.8634,319873.1832,321445.1432,321199.3243,320713.2878,320128.5047,319144.7204
FL,133712.1562,134759.3205,135818.4453,136833.8405,137805.6128,138739.6037,139700.678,140534.7981,141283.4021,141999.0369,142908.2016,143892.4471,144993.9428,146050.9364,147411.3049,148669.7128,149953.0001,150863.8835,151959.8173,152766.9323,153542.1676,153801.2824,154309.4928,155039.7101,156242.4584,157655.655,159142.9277,160477.54,161546.8224,162368.1798,162822.9361,163053.8191,163162.1684,163699.8585,164564.2827,165454.3237,166508.9391,167863.3901,169491.7325,170954.5495,171703.1879,171985.533,172246.0743,173155.1424,175119.7893,177566.003,180383.1778,182979.7653,185741.3129,188811.2682,192078.0403,195370.4845,198702.7227,202134.4394,204724.1362,205885.1653,205768.2476,205575.2853,205971.0748,206863.3728,209175.6239,212763.3253,217298.7012,221613.2604,224831.2481,227218.3254,227811.3252,227187.3225,225735.3462,224792.1992,224144.9569,223640.9281
GA,298587.907,299683.6255,300558.8651,301909.7116,303441.129,305071.1817,306306.7254,307245.0889,308139.4775,309242.9461,310560.7741,311787.2931,312932.5018,313989.1014,315448.238,316864.508,318362.4044,319643.8998,321248.7851,322625.3132,323656.3749,324173.5817,324916.1122,325814.1267,326932.1277,328242.5697,329957.6694,331931.7678,333473.1906,334605.6814,335213.328,335744.3024,336054.0896,336771.1935,338103.7582,339838.0902,342076.3838,344294.6846,347048.8376,349693.3095,351672.749,352489.7014,352630.1165,353632.1788,356608.4092,361167.4946,366766.1667,372704.2162,378248.5076,383886.8832,389095.9474,394421.3098,399635.5036,404750.9596,409416.184,412660.221,414706.7111,416487.2406,419045.0881,422173.4141,426023.685,430439.4019,436033.6517,441926.6183,447965.7306,453044.009,455908.1352,456114.4441,454679.4256,453736.0227,453425.8471,453124.844
HI,246564.5077,247599.8267,248511.0661,249442.3718,250197.4219,250921.9578,251487.2027,252071.6677,252733.9711,253647.6507,254626.655,255659.7262,256578.8892,257521.3709,258659.7108,259621.797,260500.6287,260934.3666,261728.3011,262553.0808,263546.9182,264166.3419,264757.1071,265305.7494,266062.5119,267164.3049,268609.6742,270075.1302,271145.2889,271931.8184,272573.0551,273351.6693,274176.9275,275152.6955,276403.3128,277921.3022,279676.1767,281441.1316,283130.3991,284516.9531,285277.4155,285772.7925,286606.3281,288521.7232,291644.1563,295474.106,299594.0872,303518.4221,307197.9447,310938.7495,314776.2061,318851.7366,323167.0418,327410.694,330663.4398,332464.4645,333002.4296,333584.5143,334974.6743,337362.0433,341339.4826,345994.2705,351340.2911,356458.8862,361117.4614,365014.434,366983.8849,367240.7388,366160.3083,365432.4013,365252.3781,365086.2498
ID,328801.2711,332573.8984,336360.4858,340103.4876,343326.7208,346358.3094,349119.9585,351882.5014,354477.0017,356939.3366,359478.6027,362368.8222,365720.6549,369423.5399,373529.1626,377420.8317,381184.9805,384071.2754,387206.2671,389699.0107,391516.1766,392322.9919,392871.342,393639.2528,394496.2745,395777.3605,397747.9141,399905.8478,401843.3565,403382.9114,404750.2445,406186.2801,407542.0419,409493.7273,412086.6841,415357.8477,418973.5963,422965.8439,427459.2968,431947.52,434849.6349,436456.772,437851.9536,441268.4098,447236.9599,454730.1169,463102.5887,471143.0251,478989.5602,486970.2321,495469.8983,504926.37,514948.6304,524617.155,532835.2187,538141.8334,541542.6098,544013.1084,547441.984,552095.2791,560442.4656,572178.6269,586875.49,600819.452,611316.14,616524.8335,614982.6465,608610.8752,600108.9037,593832.3311,589584.6211,585703.7562
IL,221646.0382,223192.7998,224871.1746,226413.0904,227767.5365,229154.7701,230508.0642,231944.8982,233366.8073,234805.5988,236067.675,237318.9903,238754.9988,240403.4396,242116.0287,243619.9634,245267.5672,246950.9284,249001.1226,250911.0736,252719.7865,254198.3972,255556.2313,256761.7776,258067.2307,259620.8023,261114.8161,262385.0033,263336.5748,264328.3339,265345.2782,266580.3221,268029.1528,269744.473,271743.33,273830.9459,276356.1182,279144.8459,282324.4483,285212.6477,287234.4378,288606.7281,290100.2552,292661.1229,296634.3943,301332.8562,306567.4957,311809.7395,317100.8412,322655.2961,329115.8509,336619.4147,345190.6179,354383.6637,363426.5821,371573.475,378536.0357,384849.8397,390936.5546,396664.8446,402623.5693,409366.2229,417664.9091,426999.2452,436287.5985,444106.3356,448147.5039,447625.1369,443043.7155,437276.7653,431231.885,425000.4478
IN,377907.431,380087.3348,382444.8432,385152.867,387891.3316,390380.2615,392539.3021,394340.1938,396382.215,398288.4846,400336.7504,402161.7876,404190.8125,406420.0526,409115.3166,411843.0307,414719.2622,417168.7851,419631.1171,421685.0002,423495.5402,424373.8964,424729.9927,424481.7425,424495.8715,425180.7853,426522.804,428468.6148,429897.5602,431168.2984,431738.4908,432063.8241,432109.43,432860.9346,434423.025,436223.0597,438542.9584,441173.3735,444414.6243,447232.6764,448969.3993,449831.9373,450795.4198,453469.9773,458481.5929,465109.888,472800.1591,480491.4319,487487.1031,494265.0178,500991.2879,508391.6034,515871.2386,522718.5722,527186.7179,528714.7597,528275.0836,528096.0275,529246.2479,531555.5445,536894.4056,545200.8532,556203.0994,566422.7263,575161.7667,581769.5912,584907.1844,583939.9264,579833.8748,576379.2649,574477.6263,573271.9216
IA,156518.4443,157354.4509,158044.2975,158924.6523,159897.4898,160815.9725,161696.1982,162687.3345,163892.6382,165202.1099,166566.3755,167810.9542,168975.4906,169997.1257,171202.6331,172262.3901,173328.2424,174169.1188,175268.2091,176398.4352,177479.3867,178219.5211,178896.1481,179797.9226,181221.939,183086.7198,185069.6561,186707.9325,188001.1312,189222.8975,190418.8249,191666.6027,192782.6942,194070.6315,195587.2752,197213.6319,199071.2432,200790.0493,202480.6511,203907.7653,204964.0054,205795.2357,206642.9115,208116.9772,210568.7572,213541.2529,216786.3904,219734.089,222676.5195,225810.4239,229114.5914,232708.4258,236820.1996,241895.973,247053.7947,251135.5221,253999.2466,256767.2258,260534.5,264932.9495,270457.8785,276804.3972,283304.7429,289481.3363,294478.4707,298948.7038,301572.1771,302536.2528,301979.3328,300971.189,299874.4588,298450.9764
KS,131714.8377,132144.0724,132555.9138,133208.1766,134025.0037,134837.41,135621.8105,136404.8055,137193.9692,137965.6805,138891.9336,139763.5863,140567.7087,141268.1512,142250.4851,143286.6904,144356.9298,145209.3435,146054.6322,146861.4941,147741.3243,148506.2042,149360.1694,150119.7205,151032.3193,151943.1238,153037.5857,153975.2632,154688.4393,155276.8833,155908.7628,156654.1374,157327.5426,158081.998,159011.0413,160090.4262,161322.2538,162600.069,164022.5978,165380.9387,166398.9456,167149.1787,167986.4159,169236.7875,171156.368,173503.5474,176357.8873,179117.7155,181664.8767,184214.2812,187106.5937,190214.6528,193376.786,196477.2674,199138.0625,200893.7754,201749.3506,202672.7227,204159.6222,206024.9783,208886.4482,212613.0821,216922.1921,220923.8029,224014.1241,226646.857,227922.1345,228172.3116,227521.5287,227070.7986,226993.5714,226923.0209
KY,278336.301,279705.2133,280827.6872,282031.7624,282951.8561,283561.8982,283859.881,284240.2219,285137.7703,286244.872,287399.7895,288549.9079,289600.4797,290490.0075,291506.0219,292370.6981,293385.6856,293974.5378,294911.3602,295754.94,296730.0546,297390.5597,297990.1766,298566.7235,299289.2726,300461.0964,302069.088,303786.099,304992.7757,305811.8707,306424.1106,307089.1059,307608.7072,308174.2251,309075.1261,310300.7025,311838.4013,313579.3356,315400.2626,317032.7087,317808.5549,318041.6261,318558.483,320164.8081,323217.0015,327041.0898,331359.095,335534.3269,339412.751,343654.9949,348321.699,353396.962,358355.9413,362749.7034,365884.0777,367469.1218,367773.7826,368309.3477,369517.2014,371583.7303,374521.8505,378093.2359,382501.6127,386961.6442,391159.8807,394178.2363,394886.2686,393469.0028,390939.9875,389344.0621,388506.5243,387960.7772
LA,137952.3723,138787.4702,139572.3644,140368.5816,140982.6215,141517.1642,141967.3228,142407.4257,142940.4533,143563.1551,144259.8704,144924.7799,145637.1691,146470.7877,147600.0352,148675.9999,149593.3313,150066.692,150474.5878,150955.5931,151699.1823,152375.6485,153135.1438,153744.1729,154575.5118,155529.7136,156690.5215,157708.9676,158431.1424,159038.8075,159480.3408,159863.3414,160041.9469,160565.5711,161363.5896,162398.9367,163394.4684,164525.7876,165832.4792,167085.6288,167975.2152,168515.5738,169390.614,170912.0194,173453.0667,176350.8916,179450.8265,182073.0185,184352.5859,186697.914,189457.6482,192678.3345,196049.6101,199318.7879,201815.8113,203308.6185,203929.8643,204711.2626,206112.5967,208084.2653,211029.4872,214763.8978,219138.3969,223279.9484,226642.698,229549.2777,231177.7756,231580.7021,230826.3343,230198.3936,229891.7578,229765.781
ME,169333.209,170131.6726,170897.2845,171730.8711,172625.8815,173538.0377,174467.6438,175289.8008,176116.4336,177020.9999,178065.3249,179027.3956,179809.436,180648.2861,181834.3671,183134.4346,184417.6377,185396.9171,186723.0712,187850.8671,188869.2815,189225.8311,189761.5914,190517.8284,191774.673,193378.941,195111.2653,196517.9059,197541.2052,198357.3485,199202.0773,200036.0336,200753.3106,201567.8724,202560.8919,203686.5068,204939.8938,206166.4201,207553.7466,208938.2726,210056.2977,210852.1485,211640.2923,213187.6425,215909.5367,219291.7423,222605.6484,225429.4013,227785.5153,230085.6848,232286.943,234981.7225,238406.2325,242321.9752,245659.7157,247344.1214,247658.7001,247515.9836,248036.1625,249183.2573,251379.034,254221.9677,257650.3114,261488.9429,265073.856,268055.1369,269302.7881,269121.6783,268347.4754,267887.5194,268004.1495,268198.7082
MD,338525.3214,341778.3225,345077.8897,348493.9306,351388.3417,353636.227,355184.0676,356449.2575,357901.5575,359755.5286,362003.0961,364693.4887,367654.7078,370689.5698,373689.4663,376366.8689,378918.4077,380871.336,383011.2596,384798.7549,386549.315,387883.9706,389168.5061,390575.3586,392184.324,394251.7973,396516.5672,398546.7068,399688.0971,400443.1273,401035.8223,401956.4223,402885.1361,404237.024,406086.336,408268.9015,410719.837,413541.2292,416829.3102,419989.7374,421577.8502,421958.8046,422292.0334,424247.0151,428307.7372,433678.8649,439791.9097,445767.2035,451560.5281,457748.0947,464994.5844,473242.4961,482199.5368,490976.9765,498314.2503,503528.9643,506990.1311,510610.9083,515476.3483,521323.1117,529117.6691,538878.6753,550470.0505,561479.2146,570179.9233,575465.3377,575811.879,571947.3827,565940.7071,561148.4235,557433.8108,553771.4061
MA,209290.093,210940.52,212594.5002,214413.8766,216075.9397,217489.8418,218435.1958,219081.9087,219637.5669,220354.1583,221436.5813,222884.4431,224412.68,226041.7443,227912.2234,229789.5202,231457.8827,232485.79,233624.8541,234610.2789,235584.9988,236112.7,236678.3591,237458.6701,238704.6588,240409.3388,242330.1821,243975.8,245038.5863,245822.2692,246390.6489,246924.8287,247225.8433,247784.1202,248780.1629,250137.4311,251851.0011,253794.2552,255935.8167,257806.7998,258826.2453,259159.1016,259245.4539,260058.7972,262118.423,265151.1265,268726.6711,272291.4159,275659.4752,279117.061,282565.9997,286335.8741,290549.915,295126.0772,299056.3181,301180.3056,301663.7542,301783.5307,302754.4623,304391.5613,307593.3123,311802.6913,317041.4713,322124.7272,326397.4887,329541.8278,330247.0185,329047.3425,326745.155,325230.2212,324345.8957,323403.0776
MI,160127.4739,160524.3128,160923.4389,161664.2499,162368.5877,163104.8701,163756.2601,164526.1146,165417.1183,166333.6344,167355.5258,168297.743,169185.0706,170030.0252,171084.6553,171963.8826,172762.6084,173317.4062,174208.1632,175232.7301,176331.1503,177067.3647,177721.3278,178317.3364,179145.7943,180012.4212,181007.9279,181881.4642,182696.5618,183488.6654,184259.1611,185029.7322,185595.8257,186299.8373,187251.9483,188418.2931,189740.9955,190914.5117,192183.3816,193332.3374,194289.0771,195083.78,196077.4942,197604.6435,199899.3348,202586.1648,205500.6316,208251.5409,210854.0244,213533.5072,216282.4332,219127.3741,222445.9801,226355.7116,230342.5597,233516.4955,235873.7209,238258.9409,241215.6612,244493.9269,248717.1993,253630.8326,259253.8245,264889.3828,270159.9907,275071.6669,278478.7753,280308.3699,280565.2851,280654.3076,280679.5999,280432.7636
MN,128456.3966,128848.335,129026.904,129122.4149,129128.5547,129197.3096,129499.1596,130018.2993,130691.2433,131395.7253,132126.6612,132780.4732,133353.478,133838.4907,134487.4973,134925.7841,135289.3757,135442.9816,135944.3589,136603.47,137400.7562,137896.9965,138500.5211,139175.4998,140194.0771,141374.9998,142604.2013,143474.1349,143962.2278,144426.5552,145084.6095,145903.5626,146568.1153,147414.945,148532.5166,149919.2773,151238.3198,152349.713,153374.9565,154306.7137,155040.042,155744.4992,156587.1519,157843.2174,159672.4224,161747.5843,163974.9631,165907.4502,167734.4252,169626.1407,171575.0282,173649.3207,175937.4687,178671.1686,181454.6251,183684.2402,185171.8216,186599.2736,188518.2677,190604.2116,193009.219,195468.0563,198067.7148,200738.1936,203029.6611,205409.0595,206870.9803,207814.9177,207887.5018,207774.7636,207447.816,207044.4848
MS,150435.5367,150248.5548,149981.6908,149787.2441,149430.8722,149183.9304,149265.2923,149758.1529,150545.9185,151280.7302,151778.4293,152003.8523,152434.1836,152910.9855,153684.5933,153978.264,154023.0274,153493.7014,153335.6387,153361.1746,153695.1105,153563.1668,153694.7324,153987.6521,154742.555,155732.9491,156919.6944,158012.2507,158816.5194,159292.9453,159779.8667,160159.5878,160404.7257,160644.8887,161217.5091,162212.1818,163460.353,164623.0467,165548.7803,166465.597,166963.8836,167196.0307,167365.2496,168252.1762,170065.4337,171873.3652,173193.4972,173783.4176,174231.9622,174969.3168,175844.7037,176699.9925,177601.7963,178823.5348,179787.3958,180062.2659,179794.9011,180036.4821,181016.4091,182329.3282,183915.4763,185532.318,187438.4073,189181.8375,190570.6986,191861.1755,192523.7394,192456.0514,191334.131,190112.1994,188983.6468,187759.7089
MO,121856.4275,122368.1052,122872.9131,123458.9135,124028.8578,124593.8244,125249.6256,125917.2139,126764.0693,127392.0959,127807.9328,127957.0252,128311.0121,129117.1981,130331.8892,131380.5844,132142.3043,132532.5312,133124.545,133775.3934,134552.1058,134984.3337,135550.6382,136134.4982,136662.9808,137021.0215,137307.5021,137690.2941,137964.9653,138225.9049,138487.5217,138833.6145,139089.1799,139632.7885,140447.0596,141461.2476,142531.9849,143503.6827,144554.5131,145468.9353,146314.9663,147030.7963,147968.7448,149320.8219,151375.1368,153661.7561,156015.4983,158022.5073,159815.8873,161588.4935,163383.0983,165139.5146,166986.6193,169064.5957,170768.0785,171729.9065,171815.4992,172084.9468,172831.2685,174024.5687,176217.7452,179065.4799,182360.9264,185310.9611,187722.5455,190082.909,191767.4659,192651.005,192710.5903,192917.9276,193401.7672,193728.6639
MT,310975.6775,313715.0404,316300.7704,318916.5438,321184.784,323314.8202,325108.4004,326880.9884,328457.29,329995.7661,331556.8715,333513.3341,335971.2014,338773.9272,341788.6697,344386.77,346602.1517,347921.5772,349299.0846,350483.9596,351586.6983,352192.4759,352702.4784,353666.6685,355119.4232,356961.3468,358781.6622,360226.391,361036.5403,361704.2443,362218.8445,362913.6227,363512.9559,364524.7093,366187.9333,368393.435,371341.4418,374435.5727,377757.0899,380435.6673,381756.4077,382075.561,382516.6374,384745.206,389089.7053,394941.7729,401865.235,409017.4475,416077.0999,423376.0357,431078.9704,439055.6691,446917.2144,454070.9523,460402.0156,465093.2433,468689.9216,471908.2173,475597.3945,479647.2338,484960.6952,491776.7423,500181.7323,508729.2998,516014.1795,520736.3684,520878.2144,517131.5696,511286.3668,506783.0969,503395.2905,500249.9694
NE,115938.3611,116241.5638,116668.8463,117077.1178,117395.6546,117702.0349,117987.8496,118294.4553,118701.3697,119184.36,119633.1639,120058.6288,120580.2295,121091.8306,121704.4971,122260.1414,122698.465,122823.4369,123016.4057,123270.1687,123767.8026,124172.6436,124865.6485,125614.3566,126084.6683,126390.5117,126606.877,126976.3933,127311.3489,127812.3195,128388.0829,128930.2163,129240.7722,129765.8075,130646.2199,131886.272,133345.91,134774.5567,136032.0681,136996.1661,137611.1205,138271.8998,139304.171,140919.1102,143069.8505,145304.269,147767.8166,150134.3214,152377.4395,154410.4946,156367.4205,158262.468,160245.71,162410.9153,164257.5596,165732.1842,166702.1195,168148.8124,169950.3351,172031.8322,174681.176,177603.7468,180767.7334,183453.6184,185690.1623,187799.6293,189404.669,190402.2881,190821.5644,191281.7395,191956.5184,192362.8013
NV,252153.0258,252662.6861,253139.657,254084.3733,255197.6593,256184.7876,257016.0541,257536.2736,258016.6889,258509.2531,259392.9246,260337.9286,261165.7023,261631.4127,262176.2677,262419.268,262704.1676,262702.1704,263001.9005,263370.631,263909.3718,264263.3617,264532.1282,264690.1958,264906.8697,265350.057,265993.2898,266655.559,267015.4404,267230.9471,267477.1784,267810.8748,267947.0775,268259.0074,268880.0974,269842.7125,271145.264,272569.8856,274516.0126,276385.2531,277478.3953,277734.2012,277668.0922,278645.2461,281092.3081,284981.8379,289858.069,295052.4789,300060.0631,304947.3244,309736.8656,314458.8155,319057.4911,323416.8079,326368.6422,327455.7823,326686.3181,325993.679,326219.116,327862.092,331688.4986,337161.7068,343724.7694,349908.4954,355623.9022,360529.508,363695.4618,364519.8268,363835.6469,363281.3514,363676.4606,364064.7433
NH,277780.7992,279940.8745,282339.8325,284826.9456,287099.3311,289332.5296,291424.6729,293566.6705,295662.1098,297691.4364,299753.7365,301990.8416,304553.1749,307309.892,310253.1109,312755.672,315074.1676,317109.1274,319908.7965,322685.8783,325360.1776,327413.5992,329412.6781,331192.6569,333493.2498,336195.0505,339230.8405,341610.9692,343167.2952,344160.5673,345110.7267,346309.4494,347830.6812,349753.9835,352217.1797,355177.4346,358403.7125,361924.0953,365690.2632,369198.5707,371351.4243,372562.9743,373925.0164,376983.9887,382109.0254,388704.5345,396228.6834,403873.7211,411640.787,419616.0652,428123.1926,437421.5726,447908.2751,458584.5967,468301.0544,476021.8883,481962.2424,486950.3106,491841.0761,497212.866,504886.8137,514980.3603,526918.0131,538306.7796,547132.1744,552005.4386,551338.3684,546295.4737,539061.5747,532794.4704,527576.9511,522395.8866
NJ,130434.2408,130818.9517,131090.7348,131440.5819,131889.5202,132421.0451,132996.0757,133498.3065,134035.2474,134616.5295,135193.2472,135660.9657,136139.8794,136816.7004,137685.347,138406.7946,139073.3536,139700.1179,140570.4846,141212.1264,141848.0072,142207.7854,142756.6016,143262.547,144143.7959,145357.7482,146791.2907,147963.5442,148870.5541,149615.1893,150148.4043,150519.0878,150806.066,151494.9747,152281.7698,153103.6448,153437.2976,154035.3252,154903.9856,156159.6115,157449.2278,158546.0558,159753.1929,160961.7196,162765.6278,164637.7855,166370.1795,167521.6841,168470.7737,169607.6249,170987.478,172633.168,174495.5269,176535.0413,178328.4669,179422.5621,179926.4852,180481.873,181417.7874,182666.4572,184717.229,187262.3591,190373.2463,193367.3348,196325.6589,198910.3285,200516.1883,201061.7388,201005.3589,201197.7883,201587.2326,201671.1876
NM,239617.6253,241997.8475,244669.4967,247383.2296,249539.5838,251709.2089,254033.1244,256811.9694,259866.3005,263079.5257,266172.3187,269340.2625,272267.2904,275149.221,278066.5927,281009.4424,284110.5066,287131.7462,290559.9097,294024.9858,297206.4261,299756.778,301789.9271,303352.9074,304655.8204,306034.6289,307372.7629,308472.3313,308823.8304,309143.4769,309451.3025,310047.0902,310417.1371,310753.2365,311304.3204,312201.5465,313908.8627,315801.1269,317874.9774,319287.1552,319669.5797,319447.4742,319495.644,320716.8159,323048.656,326055.5935,329895.4304,334183.9405,338603.8472,343257.9498,348301.12,353945.9679,359999.5096,366750.4946,373644.1884,380122.4234,385663.1068,390719.9386,396128.77,401517.8881,408210.2535,415921.2331,424928.4178,433719.1143,441623.6082,448037.7491,451216.7646,450617.5454,446318.0651,440863.8442,435065.4399,429441.5181
NY,117472.4922,117752.7888,118060.356,118416.2388,118790.4951,119073.0232,119432.5421,119775.1402,120293.001,120839.5086,121451.9458,122030.9868,122590.3677,123112.7291,123884.3257,124508.808,125106.104,125258.7477,125545.6165,125742.8599,126073.4356,126182.5374,126530.8407,127020.9438,127543.2012,128004.4676,128402.627,128925.1304,129423.5826,130061.6333,130552.6381,130944.5189,130999.3096,131261.5411,131681.2138,132320.4422,132779.3024,133392.3367,134265.406,135420.107,136385.3214,137164.1916,138081.9135,139361.2908,141100.8291,142785.087,144428.3382,145702.7292,147007.4396,148454.0208,150190.7961,152046.4978,154086.2771,156480.4968,158895.2378,160942.6937,162251.3301,163478.8022,164980.5875,166796.0114,168993.3814,171164.0997,173219.0281,175176.3164,176784.3124,178332.7997,179178.0749,179600.8423,179497.3527,179390.0011,179196.3386,179036.8135
NC,118214.2841,118625.1676,119011.4721,119347.5078,119328.2796,119208.7965,119134.4658,119319.1092,119668.2607,120112.8585,120400.5909,120553.3683,120697.3769,120996.0838,121792.515,122423.1503,122815.0901,122573.0627,122221.6995,121936.2359,122038.9077,122316.3112,123052.7748,123741.1373,124331.0109,124665.7704,125166.8326,125745.3237,126311.6793,126815.0543,127240.808,127499.4769,127463.9047,127690.879,128060.2372,128628.5422,128912.0259,129301.8675,130017.2599,130860.0848,131475.9274,131593.7339,132122.0893,133142.1431,134770.6215,136040.7268,137130.6624,137933.9406,139008.2324,140339.5116,141905.978,143608.2851,145419.4775,147335.2275,149306.2821,151083.66,152420.1078,153863.4072,155898.0048,158100.9143,159997.6741,161080.5999,162051.138,162968.1918,163904.8142,165267.3507,166425.1555,167097.1476,166859.7764,166121.9887,165279.1562,164571.1318
ND,122425.5953,123008.958,123547.9446,124126.8804,124615.9339,124951.317,125260.1276,125597.4422,126051.6391,126474.0934,126885.0774,127393.4233,128032.9521,128817.9907,129752.845,130584.5268,131373.0446,131900.7278,132505.0714,133015.0437,133623.1686,134032.1614,134542.2995,134970.8141,135469.1635,136062.5315,136872.7393,137689.1105,138293.2682,138828.1259,139324.7768,139943.1935,140455.9683,141168.5085,142128.2335,143252.1318,143983.6823,144498.8482,144958.3559,145664.2239,146089.6575,146375.6254,147055.2907,148733.2981,148733.2981,148733.2981,160766.4902,163964.3988,166530.5335,168856.8149,171365.303,174025.5273,176903.7778,179781.9833,182251.3781,183911.7266,184718.664,185256.7362,186115.2751,187347.9128,189868.4608,193102.8825,197015.9473,200575.5397,203715.4058,206418.5926,208233.684,209039.928,208926.4134,208866.7303,209054.4055,209315.9657
OH,170514.1032,170662.4211,171001.7043,171809.6608,172475.8471,173042.4182,173547.1762,173971.3827,174406.8554,174827.4183,175388.5601,175909.4584,176271.7651,176709.0105,177411.0077,178143.5766,178825.304,179355.3975,180202.1755,181218.6847,182413.8491,183265.6441,184122.6854,184884.4068,185796.147,186607.6874,187517.0808,188606.2923,189881.855,191073.61,192026.5747,192783.9686,193402.0808,194163.4812,195293.5277,196775.0244,198248.1891,199478.521,200776.0169,202195.4184,203456.5706,204671.9239,206227.5892,208391.3263,211249.8699,214399.7224,217543.5958,220436.3856,223257.8387,226484.7913,229905.7732,233496.0536,237084.0566,240760.4879,244054.8617,246682.4445,248408.7767,249909.1917,251827.208,254282.8021,257780.4876,262282.555,267718.6942,272971.0501,277295.9912,280972.8173,283332.2691,284226.4328,283655.3402,283023.9142,282649.9959,282444.794
OK,152934.8382,153609.4782,154407.2635,155369.9064,156379.8515,157401.2735,158315.5166,159095.6195,159848.8816,160682.997,161609.5706,162457.7118,163307.0289,164242.9914,165347.7923,166342.0348,167278.641,168091.3071,169092.9525,169996.3723,170914.4086,171451.3097,172069.3784,172536.3076,173341.6929,174270.3962,175373.0716,176369.3474,177223.9224,178089.5486,178820.937,179571.9845,180254.9553,181156.8154,182191.3936,183315.2599,184367.2228,185362.8672,186349.1868,187285.589,187995.6495,188631.9895,189601.9697,191203.7211,193561.451,196075.5925,198642.8341,200904.0187,203153.7384,205580.3346,208346.1314,211439.9466,214758.4742,218003.872,220336.7187,221335.0825,221135.2946,221064.9439,221781.7468,223242.1226,225925.0355,229625.5839,234278.3825,238840.9157,242594.3915,245475.6517,246893.8429,247064.5223,246378.6595,246125.2212,246451.3048,247144.0614
OR,212111.6928,213932.3795,215720.6762,217640.9423,219240.1071,220877.1394,222387.2106,223857.4035,225435.2545,227202.3924,229166.2425,231143.7206,233215.7825,235467.8204,238217.1696,241051.1667,243992.2088,246638.7887,249590.9433,252576.0171,255582.1062,258213.4861,260770.6824,263243.5933,265588.1116,267808.3973,270116.2478,272463.3772,274757.7627,277041.6446,279332.46,281709.8206,283898.475,286450.5155,289343.237,292601.4134,295928.7202,299518.5542,303537.617,307628.3792,310924.9125,313342.4941,315807.1665,319431.4999,325100.012,332423.9296,341415.4965,351463.2804,362303.7097,373646.4596,385787.6757,398530.356,411479.0756,422824.2254,431497.6159,437124.3619,440591.9132,443470.181,446651.4082,450484.1802,455423.0007,461914.1856,469851.6299,478334.3545,485218.557,489631.5386,489402.0017,485160.3051,478196.0887,471554.4484,465329.9993,458572.089
PA,105010.591,105271.8266,105625.1536,106224.0928,106684.3829,106833.2713,106642.01,106420.3096,106572.458,106930.2866,107374.7662,107559.402,107835.8685,108207.1698,109131.2894,110151.4249,111046.2726,111347.169,111284.2956,111107.4341,111290.4962,111432.5131,111789.0885,112045.1704,112302.1665,112608.1511,112933.0639,113241.1781,113352.3073,113462.8552,113641.6805,113675.2372,113537.0339,113628.8135,113912.8905,114333.4496,114581.2383,115229.327,116213.1419,117388.0194,118215.649,118584.4483,118871.3366,119563.8064,120920.2331,122729.0186,124876.1214,126964.3129,129096.6288,131189.3489,133379.2598,135229.6416,136826.6958,138438.7994,139126.9827,138859.476,137546.4345,137045.1904,137411.3586,138256.3305,140294.7239,142780.7138,145691.4656,147935.2099,149638.6974,151218.3829,152007.9267,152250.3058,151886.2351,151746.6717,151573.3575,151503.3541
RI,540342.6073,543741.9937,547276.6407,550615.6531,553792.5177,556520.3045,559157.8369,562265.2203,565665.2755,569371.7513,572369.5831,574623.9087,576570.4212,578764.184,581874.9881,584986.6902,588554.2434,590918.0885,592972.9811,594539.3795,596374.0449,597958.7908,598770.9927,599498.3637,599935.9377,600686.068,601853.6503,603533.472,604752.6073,605317.4587,605561.0719,605679.3429,605835.2725,606173.4666,607644.7123,609628.3716,612320.9674,615091.027,617794.6147,619966.3217,620409.2738,619511.697,619008.5743,621069.0767,626118.968,632434.7782,639866.6416,647431.798,654554.9026,661602.2531,668937.8959,677820.6391,688112.465,699575.1623,710095.597,717797.1739,724293.3754,731900.2474,741746.7373,752027.9645,767443.0586,787409.4353,811806.8091,831895.3338,847215.0423,856287.4019,859609.538,857414.0885,852262.2552,848237.9723,845935.0436,842781.7806
SC,249623.946,251345.9047,252921.4232,254767.0382,256607.3935,258371.6903,259924.2864,261305.152,262478.9203,263752.562,265155.7438,266775.3066,268326.8507,269724.2244,271488.6075,273301.4042,275397.3003,277154.2216,278991.3189,280473.1219,281579.2977,282181.2475,282653.4445,283205.9831,283637.2997,284318.3567,285377.0601,286763.8653,288216.0637,289740.1693,291494.6017,293098.8904,294321.9809,295493.6615,296971.9552,298594.6478,300460.7245,302405.4154,304767.392,307034.3642,308891.1481,310331.5262,311958.5852,314846.8438,319537.1831,325407.8272,331834.8351,338192.3532,344252.0169,350544.1514,356985.5727,364278.7464,371829.5439,379198.1555,384620.8236,386729.4022,386092.3576,384933.5789,385428.101,387602.0343,393320.3395,402046.8738,413409.4099,424289.5176,433055.7334,439270.814,442042.6193,442229.5251,441016.3211,440640.9985,441343.8301,441846.9478
SD,198178.9345,199221.4827,200179.6373,201503.6274,202896.5844,204512.0316,206022.3318,207446.6219,208454.4223,209361.2283,210269.2664,211282.8221,212334.9198,213256.7976,214562.3512,216092.6946,217767.5104,219229.5445,220867.3694,222664.7037,224170.6385,225028.5609,225631.0781,226360.1357,227017.1445,227601.4129,228319.3879,229198.5953,229814.6785,230399.7619,231192.9004,232485.6484,233635.5229,234991.8358,236526.8199,238071.4371,239715.3375,241434.151,243676.6049,245962.818,247902.4348,249551.1987,251523.6972,254669.4269,259205.9692,264506.9367,270197.7868,275814.4624,281046.8235,286112.5775,290950.8769,296245.9636,302314.9408,309302.249,315866.0721,319986.3506,321603.0215,322043.6821,323506.055,325791.0173,330095.4529,336098.1181,343834.9687,352115.2164,359631.7675,365607.0268,368311.7129,367874.1107,365694.369,363856.0236,363016.596,362621.8228
TN,260154.9002,261884.0823,263651.6586,265753.3331,267883.8569,269836.546,271380.2519,272571.3315,273847.2509,275199.2075,277037.8401,278948.1257,280751.8757,282131.9394,283684.1989,285321.9341,287026.3241,288307.9745,289803.8706,291296.6401,292652.4719,293302.2374,293567.886,293760.2403,294059.4087,294771.4321,295749.17,297065.9313,298052.2302,298965.3127,299640.2789,300305.3496,301032.8602,302043.6317,303746.3667,305591.6814,308131.2273,310775.2593,313726.0315,316260.1059,317459.3164,317665.2477,317848.6683,319503.7949,322976.2333,327804.4431,333584.0099,339715.5896,345461.0509,351251.3471,357095.5985,363201.9033,369186.5151,374634.2501,378465.9986,380269.0661,380419.0023,380378.0786,381202.6923,382889.3617,386886.9897,393006.4105,401096.3766,409023.8445,416020.5867,421662.0589,424605.8768,424470.9685,422465.9415,421169.3947,420995.4937,420985.6499
TX,228040.9498,229225.3049,230252.5141,231707.9519,233090.3804,234573.6005,235908.2108,237447.7404,238684.6551,239853.1719,240791.6161,241922.1472,243080.809,244282.7178,245825.7602,247406.5156,249067.7774,250464.8232,252064.3071,253562.0833,254893.9873,255800.0549,256620.0832,257279.5498,258313.3507,259698.1935,261723.7507,263743.643,265466.8084,266948.5034,268371.1072,270104.2093,271460.1439,272610.126,273763.0339,275183.2985,277152.6372,279426.9687,282345.4384,285041.111,286799.3052,287612.4418,288682.7539,291088.833,295182.551,300043.383,305959.8172,312475.2645,319243.4187,326218.6883,333837.2283,342457.2839,351730.176,360637.5646,368318.5366,374824.6371,379898.7622,384723.8852,389718.8,395392.4032,403039.3178,411659.0715,422044.9865,432905.9462,442973.9454,450933.255,453974.853,453054.9354,449055.2727,445508.7535,442585.5472,439624.799
UT,245994.0809,247594.9755,249146.3697,250289.0323,250743.6522,250961.9359,250943.3912,251275.1423,251894.038,252668.6979,253015.2549,253242.4399,253640.6606,254523.528,255813.4928,257148.1711,258321.8945,259002.9177,259352.0231,259476.6661,259869.7219,260207.0593,260670.8174,261124.3121,262174.2412,263730.7027,265389.941,266877.562,267589.4976,267771.3147,267634.6286,267715.334,267559.772,267311.3288,267368.9091,268021.0258,269254.8031,270862.6197,272717.7419,274204.672,274736.8159,274926.7226,275675.4373,277533.3702,280569.2809,284380.6534,289115.3019,294462.931,299854.9038,305316.1494,309924.6145,314305.2286,318605.168,323407.7903,327357.0293,329765.6784,330453.5599,331302.1896,333057.474,335901.4245,340164.1536,345280.5638,351321.7308,357317.0013,362493.1438,366451.8991,367951.7413,368071.6827,367011.7889,366604.2307,366397.9912,366357.7899
VT,172579.4516,173362.9767,174169.7322,175194.3092,176188.8957,177045.8865,177697.1176,178227.0798,178900.6551,179717.8191,180750.2882,181651.8473,182429.0697,183101.8002,184071.6969,185034.4686,186049.6068,186660.8628,187520.1979,188264.5773,189097.1136,189570.9805,190242.2735,191063.7065,192042.352,193100.6668,194272.4095,195428.412,196378.5706,197197.3785,197902.4741,198593.032,199236.1513,200251.2722,201469.4576,202822.5445,203853.6759,204731.189,205773.764,206993.9734,208091.267,208920.5355,210035.1516,211631.963,214100.8185,216663.2714,219480.9824,221906.519,224171.0298,226663.6445,229408.7922,232660.1979,236364.9747,240370.5345,244270.6691,247190.2548,249027.1452,250564.6068,252734.4826,255761.6135,259937.2278,264610.4095,269934.4962,275214.2994,280054.8261,284024.3896,286273.2469,286866.6756,286236.1605,285982.7744,286058.7038,286065.1229
VA,200648.6973,201181.0155,201573.946,202010.4011,202196.9082,202360.8588,202459.1886,202258.7841,201878.4539,201344.3815,200835.3381,200259.5879,199875.3008,199776.8223,200173.9933,200400.3657,200473.8116,200030.9022,199822.9447,199582.7734,199617.2763,199419.5429,199258.9922,199008.2858,199087.0525,199655.5983,200488.0814,201259.1086,201966.781,203007.8752,204121.0395,204978.0318,205380.0325,205879.608,206554.8831,207349.9904,207626.9652,207878.9903,208239.0098,209072.3941,209664.0214,210069.8277,210528.2505,211392.6921,213023.6151,214163.7801,215095.8389,215401.1697,215930.6866,216598.2616,217229.9154,218257.6965,219894.1458,222155.6225,224377.8232,226077.9471,227024.4474,227846.1388,228799.1688,230254.745,232366.5192,234235.965,236101.1631,238105.6227,240288.5162,242601.1342,243825.0288,244458.4242,244211.912,244379.5398,244814.7142,244798.742
WA,268486.1516,268388.4326,267955.6606,267899.6527,267965.3649,268222.792,268448.3479,268951.399,269835.3916,270838.557,271813.3875,272276.4398,272734.2823,273164.4717,273913.6629,274548.6258,274913.0764,274755.2573,274811.6543,274982.8457,275684.4974,275947.5679,276088.4223,275832.9273,277773.8926,277773.8926,277773.8926,290257.8265,292505.3219,294129.0989,295390.5839,296555.7326,297717.2923,298924.0024,300439.8563,301892.2569,303058.9183,303787.141,304205.4621,304292.7274,303616.6639,302583.1161,302049.9662,302839.3313,304634.5768,306537.3673,308440.9676,310090.9,311268.0451,311925.7651,312212.1669,313043.1256,314987.3618,317680.7827,321573.4105,325076.2207,328316.0603,330573.2668,332163.9298,333963.6722,335348.6896,336405.8948,337747.012,339950.2083,343202.9762,346140.2067,348110.8734,348984.4874,348481.7131,347687.0638,346811.8128,345769.7081
WV,506457.1757,508418.896,509696.553,511800.6646,513306.2207,515490.2646,517638.7654,519616.8102,521267.4852,522321.4858,523706.5562,525861.3602,529954.9944,534981.9717,539953.2185,543335.5397,546523.0473,548508.5556,550563.9011,551968.964,553873.8986,555754.9666,558220.7836,559938.0535,561352.3013,561899.684,563940.9156,566545.7816,568520.6734,568940.7932,569047.3832,569472.3505,570107.0231,571128.9426,572786.4619,574844.5226,578155.5836,582651.8313,588425.3142,594071.9191,597685.149,599061.8787,599897.3117,602390.0069,606976.6348,611636.7128,616426.1638,620325.4987,623107.4367,625481.0399,628893.706,633465.1713,639046.9998,644341.7913,647475.6109,647758.6954,646202.9124,645619.7421,645970.431,646293.7181,647331.6839,650928.7701,658162.8644,665193.808,669467.8183,669470.5028,665567.6359,659145.2916,651067.3029,645277.2776,640870.1867,637039.7748
WI,203558.7818,204602.7674,205573.1963,206680.932,207832.2743,208836.6388,209676.6918,210511.7692,211331.935,212218.9224,213231.6024,214186.0043,215050.6438,215857.8075,216937.1351,217870.0281,218575.51,218796.734,219566.639,220665.6245,221951.8571,222558.1621,222899.6143,223193.3527,223630.5441,224165.5787,224921.9169,225714.822,226321.9647,226761.0502,227391.5722,228161.7317,228927.7825,229871.6472,231204.3691,232840.2295,234307.5816,235447.9588,236355.2689,237233.2725,237982.6907,238534.2478,239391.8721,241311.8925,244815.271,248564.5658,252122.473,255622.6161,259290.2843,263323.0637,266763.5929,270194.9533,274648.9303,280406.9841,287071.6521,291425.1907,293564.0771,293969.0196,295328.797,297409.9195,301535.5525,306603.7844,312586.7504,318594.8395,323949.4139,328664.3807,331152.2606,331528.1545,330561.7576,329865.889,329856.5914,329382.9439
WY,223511.0702,223756.0623,223864.4556,224202.9504,224522.4568,224855.1799,224985.8752,225124.3152,225305.9309,225646.0205,226090.9456,226636.2933,227095.1127,227358.1165,227772.9665,227968.0468,228258.8514,228185.4896,228752.2259,229550.9923,230770.9131,231588.3175,232275.3797,232714.7963,233247.1535,234036.17,235236.3368,236664.1927,237941.2569,239403.9993,240856.3563,242586.5932,243834.5785,245182.1036,246587.7057,248384.4864,249643.4265,250615.6999,251518.3391,252829.3054,254032.7407,254998.789,256034.2308,257596.9138,259831.9854,262264.2097,265081.4145,267719.8726,270244.8361,272700.0348,275498.8329,278562.3955,281453.1628,283929.7035,286158.7482,288212.5233,290067.5108,292260.0053,294938.3254,297880.9429,301279.8707,304453.5763,308171.6672,311650.0426,315083.2862,318499.1062,321003.0892,322305.5992,322352.4394,322866.2003,323742.8333,324145.7207